{
  "ci_macro_f1": [
    0.039901772629455795,
    0.11965242292459514
  ],
  "ci_f1_true": [
    0.14335944734522987,
    0.2519632859122328
  ],
  "ci_accuracy": [
    0.0,
    0.08000000000000007
  ],
  "mcnemar_chi2": 3.4056603773584904,
  "mcnemar_p": 0.06497310279379187,
  "b": 63,
  "c": 43
}